MODEL2211290002_unbound		true	MODEL2211290002_unbound.html
MODEL2211290002_bound_condition8		true	MODEL2211290002_bound_condition8.html
MODEL2204260001		false	
MODEL1909260003		true	MODEL1909260003.html
MODEL2204300001		true	MODEL2204300001.html
MODEL2211290003_unbound		true	MODEL2211290003_unbound.html
MODEL2204190005		false	
MODEL1909260006		true	MODEL1909260006.html
MODEL2210190002		true	MODEL2210190002.html
MODEL2205040001		true	MODEL2205040001.html
MODEL8568434338		true	MODEL8568434338.html
MODEL2204040001		true	MODEL2204040001.html
MODEL2205040003		true	MODEL2205040003.html
MODEL2205110002		true	MODEL2205110002.html
MODEL2210190003		true	MODEL2210190003.html
MODEL2205020002		true	MODEL2205020002.html
MODEL2211290001_bound_condition1		true	MODEL2211290001_bound_condition1.html
MODEL2204200002		false	
MODEL2204110002		true	MODEL2204110002.html
MODEL2204190004		true	MODEL2204190004.html
MODEL2204280001		true	MODEL2204280001.html
MODEL2204040002		true	MODEL2204040002.html
MODEL2210190006		true	MODEL2210190006.html
MODEL2205040005		true	MODEL2205040005.html
MODEL2205020001		true	MODEL2205020001.html
MODEL2210190012		true	MODEL2210190012.html
MODEL2205040004		true	MODEL2205040004.html
MODEL2210190004		true	MODEL2210190004.html
MODEL2204270001		true	MODEL2204270001.html
MODEL2204300002		false	
MODEL1909260004		true	MODEL1909260004.html
MODEL2204190002		true	MODEL2204190002.html
MODEL2211290001_unbound		true	MODEL2211290001_unbound.html
MODEL2205060002		true	MODEL2205060002.html
MODEL2205040002		true	MODEL2205040002.html
MODEL1011300000		true	MODEL1011300000.html
MODEL2210190008		true	MODEL2210190008.html
MODEL2210190009		true	MODEL2210190009.html
MODEL2203250001		true	MODEL2203250001.html
MODEL2204190001		true	MODEL2204190001.html
MODEL2210190007		true	MODEL2210190007.html
MODEL2211290003_bound_condition15		true	MODEL2211290003_bound_condition15.html
MODEL2204190003		false	
MODEL2204150001		true	MODEL2204150001.html
MODEL1909260005		true	MODEL1909260005.html
MODEL2210190001		true	MODEL2210190001.html
MODEL2201310001		true	MODEL2201310001.html
MODEL2204280003		true	MODEL2204280003.html
MODEL2204180001		true	MODEL2204180001.html
MODEL2204200003		false	
